bear,722051246
blackswan,440275150
bmx-bumps,792495270
bmx-trees,704440240
boat,660412725
breakdance,739662252
breakdance-flare,625190713
bus,704440240
camel,792495270
car-roundabout,660412725
car-shadow,352220120
car-turn,704440240
cows,915772312
dance-jump,528330180
dance-twirl,792495270
dog,528330180
dog-agility,220137575
drift-chicane,457886156
drift-straight,440275150
drift-turn,563552192
elephant,704440240
flamingo,704440240
goat,792495270
hike,704440240
hockey,660412725
horsejump-high,440275150
horsejump-low,528330180
kite-surf,440275150
kite-walk,704440240
libby,431469647
lucia,616385210
mallard-fly,616385210
mallard-water,704440240
motocross-bumps,528330180
motocross-jump,352220120
motorbike,378636629
paragliding,616385210
paragliding-launch,704440240
parkour,880550300
rhino,792495270
rollerblade,308192605
scooter-black,378636629
scooter-gray,660412725
soapbox,871744797
soccerball,422664144
stroller,801300773
surf,484302665
swing,528330180
tennis,616385210
train,704440240
